Course #,Course Title
1200310,Algebra 1
1200320,Algebra 1 Honors
1200330,Algebra 2
1200340,Algebra 2 Honors
1200370,Algebra 1-A
1200380,Algebra 1-B
1202300,Calculus Honors
1200400,Intensive Mathematics
1202340,Pre-Calculus Honors
1207310,Liberal Arts Mathematics 2
1201300,Mathematical Analysis Honors
1211300,Trigonometry Honors
1205010,M/J Grade 6 Mathematics
1205020,M/J Grade 6 Mathematics Advanced
1205040,M/J Grade 7 Mathematics
1205050,M/J Grade 7 Mathematics Advanced
1205070,M/J Grade 8 Pre-Algebra
1206300,Informal Geometry
1206310,Geometry
1206320,Geometry Honors
1206330,Analytic Geometry Honors
5012020,Mathematics - Grade Kindergarten
5012030,Mathematics - Grade One
5012040,Mathematics - Grade Two
5012050,Mathematics - Grade Three
5012060,Mathematics - Grade Four
5012070,Mathematics - Grade Five
1298310,Advanced Topics in Mathematics
1202310,Advanced Placement Calculus AB
1202320,Advanced Placement Calculus BC
1200500,Advanced Algebra with Financial Applications
1204000,M/J Intensive Mathematics (MC)
1205090,M/J International Baccalaureate MYP Mathematics 1
1209810,Pre-AICE Mathematics 1 IGCSE Level
1202352,AICE Mathematics 1 AS Level
1202354,AICE Mathematics & Mechanics 1 AS Level
1202356,AICE Mathematics & Mechanics 2 A Level
1202370,AICE Further Mathematics 1 A Level
1202371,Pre-AICE Additional Mathematics 3 IGCSE Level
1202375,International Baccalaureate Pre-Calculus
1202810,International Baccalaureate Calculus and Descriptive
1202820,International Baccalaureate Further Mathematics 1
1202830,International Baccalaureate Advanced Calculus
1209820,Pre-AICE Mathematics 2 IGCSE Level
1209800,International Baccalaureate Mathematics Studies
1209830,International Baccalaureate Mathematics Higher Level 1
1210310,IB Statistics and Introductory Differential Calculus
1210330,AICE Mathematics Statistics AS Level
1200990,Mathematics Transfer
1200410,Mathematics for College Success
1200700,Mathematics for College Readiness
1200387,Financial Algebra
1200325,CLEP College Algebra
1200701,CLEP College Mathematics
1202301,CLEP Calculus
1202341,CLEP Precalculus
1200386,Pre-Advanced Placement Algebra 1
1205100,M/J International Baccalaureate MYP Pre-Algebra
1200220,M/J Mathematics Transfer
1200390,International Baccalaureate Mid Yrs Prog Algebra 1
1200395,International Baccalaureate Mid Yrs Prog Algebra 2
1206810,International Baccalaureate Mid Yrs Prog Geometry
1202372,AICE Further Mathematics 2 A Level
1209700,Pre-AICE International Mathematics IGCSE Level
1209825,Pre-AICE Mathematics 3 IGCSE Level
1205030,M/J Mathematics 1 Cambridge Lower Secondary
1205055,M/J Mathematics 2 Cambridge Lower Secondary
1205060,M/J Mathematics 3 Cambridge Lower Secondary
1202362,AICE Mathematics and Probability and Statistics 1 AS Level
1202364,AICE Mathematics and Probability and Statistics 2 A Level
1202366,AICE Mathematics and Mechanics and Probability and Statistics 2 A Level
1207300,Liberal Arts Mathematics 1
1200315,Algebra 1 for Credit Recovery
1200335,Algebra 2 for Credit Recovery
1200375,Algebra 1-A for Credit Recovery
1200385,Algebra 1-B for Credit Recovery
1206315,Geometry for Credit Recovery
1202380,International Baccalaureate MYP Pre-Calculus
1202825,International Baccalaureate Further Mathematics 2
1210324,International Baccalaureate Discrete Mathematics
1200998,Industry Certification Mathematics Substitution1
1200999,Industry Certification Mathematics Substitution 2
